method;none;aspect ratio(0.75);aspect ratio(0.85);aspect ratio(0.95);aspect ratio(1.05);aspect ratio(1.15);aspect ratio(1.25);resize(0.5);resize(0.75);resize(0.9);resize(1.1);resize(1.25);generic crop(0.25,0.3,0.8,0.85);generic crop(0.25,0.3,0.8,1);generic crop(0.25,0,0.8,0.85);generic crop(0.25,0,0.8,1);generic crop(0.25,0.3,1,0.85);generic crop(0.25,0.3,1,1);generic crop(0.25,0,1,0.85);generic crop(0.25,0,1,1);generic crop(0,0.3,0.8,0.85);generic crop(0,0.3,0.8,1);generic crop(0,0,0.8,0.85);generic crop(0,0,0.8,1);generic crop(0,0.3,1,0.85);generic crop(0,0.3,1,1);generic crop(0,0,1,0.85);generic crop(0,0,1,1);center crop(0.25);center crop(0.35);center crop(0.5);center crop(0.75);center crop(0.8);center crop(1.2);center crop(1.5);vflip;hflip;overlay emoji(0.15,0.5,0.5);overlay emoji(0.15,0.5,0.7);overlay emoji(0.15,0.2,0.5);overlay emoji(0.15,0.2,0.7);overlay emoji(0.25,0.5,0.5);overlay emoji(0.25,0.5,0.7);overlay emoji(0.25,0.2,0.5);overlay emoji(0.25,0.2,0.7);overlay emoji(0.35,0.5,0.5);overlay emoji(0.35,0.5,0.7);overlay emoji(0.35,0.2,0.5);overlay emoji(0.35,0.2,0.7);overlay emoji(0.5,0.1);overlay emoji(0.5,0.4);overlay emoji(0.5,0.6);overlay emoji(0.1,0.1);overlay emoji(0.1,0.4);overlay emoji(0.1,0.6);overlay emoji(0.35,0.1);overlay emoji(0.35,0.4);overlay emoji(0.35,0.6);overlay emoji(0.65,0.1);overlay emoji(0.65,0.4);overlay emoji(0.65,0.6);rotation(2);rotation(15);rotation(30);rotation(45);re-watermark(ssl);re-watermark(blind);re-watermark(trustmark);re-watermark(dwtDct);re-watermark(dwtDctSvd);re-watermark(rivaGan);re-watermark(stegastamp);re-watermark(arwgan);sharpen(1.5);sharpen(3);sharpen(7);sharpen(10);random noise(0.01);random noise(0.02);blur(5);blur(11);blur(15);blur(21);jpeg(20);jpeg(50);jpeg(75);jpeg(90);jpeg(95);jpeg(98);jpeg(100);contrast(0.5);contrast(1.0);contrast(1.5);contrast(2.0);brightness(0.5);brightness(1.0);brightness(1.5);brightness(2.0);hue(-0.5);hue(-0.25);hue(0.25);hue(0.5);aspect ratio;resize;generic crop;center crop;overlay emoji;rotation;re-watermark;sharpen;random noise;blur;jpeg;contrast;brightness;hue;geometric;photometric;all
ssl watermarking; 100.00; 98.23; 99.72; 100.00; 100.00; 99.91; 100.00; 99.26; 100.00; 100.00; 99.91; 99.53; 97.40; 99.44; 99.81; 99.91; 98.88; 99.44; 100.00; 100.00; 99.72; 99.91; 100.00; 100.00; 99.91; 99.91; 100.00; 100.00; 96.19; 98.05; 99.63; 99.91; 100.00; 100.00; 99.72; 98.51; 100.00; 100.00; 100.00; 100.00; 100.00; 100.00; 100.00; 100.00; 100.00; 99.35; 100.00; 99.26; 99.81; 100.00; 100.00; 100.00; 100.00; 100.00; 100.00; 100.00; 100.00; 99.91; 100.00; 100.00; 100.00; 100.00; 99.91; 99.44; 98.14; 44.00; 99.91; 100.00; 100.00; 100.00; 100.00; 100.00; 100.00; 100.00; 98.88; 81.58; 74.42; 60.47; 52.65; 100.00; 99.91; 99.16; 80.65; 65.12; 80.37; 96.93; 99.81; 100.00; 100.00; 100.00; 100.00; 100.00; 96.74; 88.09; 100.00; 100.00; 99.72; 96.56; 94.42; 99.81; 99.53; 94.60; 99.64; 99.74; 99.65; 99.07; 99.93; 99.37; 92.99; 88.72; 56.56; 94.93; 91.75; 96.21; 99.07; 97.09; 99.51; 95.11; 96.85
blind watermarking; 100.00; 48.09; 49.49; 53.77; 49.58; 48.09; 50.88; 51.63; 47.72; 50.60; 47.72; 48.93; 52.28; 52.00; 51.07; 51.44; 49.67; 50.05; 55.35; 54.88; 53.40; 52.84; 52.93; 53.95; 57.49; 57.49; 100.00; 100.00; 53.49; 54.33; 50.79; 51.16; 59.63; 57.30; 52.19; 58.05; 46.14; 100.00; 100.00; 100.00; 100.00; 100.00; 100.00; 100.00; 100.00; 100.00; 100.00; 100.00; 100.00; 100.00; 100.00; 100.00; 100.00; 100.00; 100.00; 100.00; 100.00; 100.00; 100.00; 100.00; 100.00; 60.47; 51.81; 50.23; 50.23; 100.00; 92.74; 100.00; 100.00; 100.00; 100.00; 100.00; 100.00; 100.00; 100.00; 79.16; 21.49; 54.98; 51.53; 100.00; 100.00; 99.91; 95.53; 49.40; 100.00; 100.00; 100.00; 100.00; 100.00; 100.00; 62.42; 100.00; 76.09; 79.53; 52.74; 100.00; 62.51; 40.56; 86.05; 73.58; 85.40; 100.00; 49.98; 49.32; 59.05; 54.13; 100.00; 53.19; 99.09; 75.16; 53.26; 98.86; 92.77; 79.51; 63.95; 86.26; 54.68; 91.21; 76.74
trustmark watermarking; 100.00; 93.02; 93.02; 90.70; 88.37; 89.67; 88.37; 100.00; 100.00; 100.00; 100.00; 100.00;  1.02;  2.23;  1.02;  1.12;  2.51;  0.00;  0.00;  0.00;  1.02;  0.00; 95.35; 95.35;  0.00;  0.00; 100.00; 100.00;  0.00;  1.12;  1.49; 100.00; 100.00;  1.30;  0.00;  1.02; 100.00; 100.00; 100.00; 100.00; 100.00; 100.00; 100.00; 100.00; 100.00; 95.35; 100.00; 88.37; 97.67; 97.67; 100.00; 100.00; 100.00; 100.00; 100.00; 100.00; 100.00; 100.00; 100.00; 100.00; 100.00; 97.67;  0.00;  0.00;  0.00; 100.00; 72.09;  0.00; 100.00; 95.35; 100.00; 100.00; 100.00; 100.00; 100.00; 100.00; 97.67; 18.60;  0.00; 100.00; 100.00; 100.00; 100.00;  0.00; 88.37; 100.00; 100.00; 100.00; 100.00; 100.00; 100.00; 100.00; 60.47; 23.26; 100.00; 100.00; 83.44; 57.95;  0.00;  0.00;  0.93;  0.00; 90.53; 100.00; 24.98; 29.13; 99.13; 24.42; 83.43; 99.42;  9.30; 100.00; 84.05; 70.93; 85.35;  0.23; 46.13; 83.23; 68.54
dwtDct watermarking; 89.49; 49.02; 48.00; 49.58; 48.84; 49.02; 48.84; 47.63; 47.16; 48.37; 48.28; 48.93; 51.44; 51.16; 52.09; 52.47; 51.35; 50.14; 51.07; 51.26; 53.40; 53.49; 56.93; 55.53; 53.40; 53.12; 83.16; 89.49; 53.30; 52.84; 53.49; 52.56; 52.37; 46.14; 44.00; 52.00; 49.49; 89.58; 88.93; 89.40; 89.67; 88.84; 88.65; 89.02; 88.28; 87.63; 85.67; 87.81; 85.95; 92.65; 92.93; 92.74; 91.63; 92.56; 91.63; 92.37; 92.84; 92.56; 92.65; 92.93; 92.93; 50.23; 49.40; 49.21; 49.21; 91.16; 65.86; 90.51; 48.47; 93.95; 92.74; 89.67; 87.07; 90.60; 49.86; 42.98; 42.98; 46.14; 55.63; 54.79; 47.72; 47.35; 48.09; 48.19; 47.16; 47.53; 49.21; 53.86; 59.44; 60.28; 45.58; 89.49; 59.26; 44.00; 45.77; 89.49; 65.58; 44.00; 54.98; 44.65; 44.09; 52.47; 48.88; 48.07; 56.84; 50.67; 90.41; 49.51; 82.43; 56.60; 50.88; 49.49; 52.24; 59.58; 61.21; 49.05; 52.43; 72.14; 64.34
dwtDctSvd watermarking; 100.00; 44.00; 44.00; 46.98; 45.49; 44.09; 44.00; 44.00; 44.00; 44.00; 44.09; 44.00; 47.16; 45.40; 47.63; 46.14; 46.05; 46.05; 48.65; 48.00; 49.86; 48.47; 51.81; 51.91; 53.49; 51.63; 100.00; 100.00; 49.02; 49.02; 47.16; 44.93; 49.49; 44.00; 44.00; 47.63; 45.21; 100.00; 100.00; 100.00; 100.00; 100.00; 100.00; 100.00; 100.00; 99.81; 100.00; 99.81; 100.00; 100.00; 100.00; 100.00; 100.00; 100.00; 100.00; 100.00; 100.00; 100.00; 100.00; 100.00; 100.00; 44.84; 44.00; 44.00; 44.00; 98.05; 48.19; 100.00; 71.53; 44.00;  2.23; 100.00; 100.00; 100.00; 98.79; 60.28; 49.21; 75.72; 59.81; 99.53; 75.35; 58.23; 49.58; 44.28; 47.16; 80.19; 99.26; 100.00; 100.00; 100.00; 43.81; 100.00; 48.47; 45.40; 43.81; 100.00; 50.42; 54.79;  0.00; 44.00; 44.00;  0.00; 44.76; 44.02; 55.14; 46.80; 99.98; 44.21; 70.50; 77.07; 67.77; 70.67; 81.55; 59.42; 62.26; 22.00; 49.20; 79.27; 67.37
rivaGan watermarking; 100.00; 99.81; 100.00; 100.00; 100.00; 100.00; 99.91; 97.58; 99.91; 100.00; 100.00; 100.00; 100.00; 100.00; 100.00; 100.00; 99.91; 99.91; 100.00; 100.00; 100.00; 100.00; 100.00; 100.00; 100.00; 100.00; 100.00; 100.00; 99.91; 100.00; 100.00; 100.00; 100.00; 100.00; 100.00; 41.40; 59.07; 100.00; 100.00; 100.00; 100.00; 99.91; 100.00; 100.00; 100.00; 99.81; 100.00; 99.91; 100.00; 100.00; 100.00; 100.00; 100.00; 100.00; 100.00; 100.00; 100.00; 100.00; 100.00; 100.00; 100.00; 100.00; 98.98; 72.74; 57.21; 100.00; 100.00; 100.00; 100.00; 100.00; 99.81; 100.00; 100.00; 100.00; 100.00; 99.72; 99.53; 99.72; 89.40; 100.00; 99.81; 99.07; 94.60; 80.09; 96.84; 99.35; 100.00; 100.00; 100.00; 100.00; 99.63; 100.00; 99.72; 95.44; 99.91; 100.00; 99.53; 97.77;  0.09; 63.35; 41.58;  0.09; 99.95; 99.50; 99.99; 99.99; 99.98; 82.23; 99.98; 99.81; 94.56; 98.37; 96.61; 98.70; 99.30; 26.28; 95.66; 94.34; 94.86
stegastamp watermarking; 96.47; 57.95; 76.93; 92.19; 92.09; 81.12; 72.00; 52.28; 49.02; 68.09; 99.44; 97.58; 39.44; 56.28; 51.16; 58.70; 48.56; 49.77; 49.12; 52.65; 47.07; 45.77; 52.37; 41.67; 35.63; 54.33; 56.28; 96.47; 97.30; 97.67; 96.28; 96.65; 96.93; 96.47; 96.56; 56.00; 37.58; 92.84; 97.30; 93.86; 96.56; 88.56; 95.91; 89.30; 95.07; 87.63; 87.91; 86.33; 95.63; 93.95; 86.14; 95.44; 92.74; 95.44; 91.44; 92.19; 91.91; 95.07; 94.60; 91.35; 92.65; 95.63; 44.19; 50.23; 46.51; 96.65; 97.21; 96.37; 96.37; 96.37; 96.65; 47.91; 96.09; 96.19; 95.63; 89.86; 86.60; 94.23; 91.72; 98.70; 99.53; 98.70; 94.60; 96.47; 96.65; 97.30; 96.74; 96.19; 96.37; 96.65; 96.00; 96.47; 95.63; 92.47; 97.58; 96.47; 95.72; 95.26; 96.56; 96.84; 96.56; 96.37; 78.71; 73.28; 52.20; 96.84; 92.49; 59.14; 90.45; 92.07; 92.98; 97.88; 96.62; 95.14; 96.26; 96.58; 67.05; 93.73; 83.16
arwgan watermarking; 100.00; 96.09; 99.53; 99.81; 100.00; 100.00; 99.91; 100.00; 100.00; 100.00; 100.00; 100.00; 100.00; 100.00; 100.00; 100.00; 100.00; 100.00; 100.00; 100.00; 100.00; 100.00; 100.00; 100.00; 100.00; 100.00; 100.00; 100.00; 100.00; 100.00; 100.00; 100.00; 100.00; 100.00; 100.00; 49.40; 64.65; 100.00; 100.00; 100.00; 100.00; 100.00; 100.00; 100.00; 100.00; 100.00; 100.00; 100.00; 100.00; 100.00; 100.00; 100.00; 100.00; 100.00; 100.00; 100.00; 100.00; 100.00; 100.00; 100.00; 100.00; 100.00; 69.12; 47.26; 40.19; 99.26; 100.00; 100.00; 98.33; 97.49; 100.00; 100.00; 44.00; 100.00; 100.00; 99.63; 98.79; 65.86; 62.88; 98.98; 65.95; 53.12; 45.86; 43.53; 48.56; 53.02; 63.63; 76.00; 89.58; 97.86; 100.00; 100.00; 97.67; 90.79; 100.00; 100.00; 99.35; 95.72;  3.44; 58.79; 49.49;  3.26; 99.22; 100.00; 100.00; 100.00; 100.00; 64.14; 92.38; 99.60; 64.37; 65.98; 67.46; 97.12; 98.77; 28.74; 94.15; 86.90; 89.77
ssl + blind watermarking; 100.00; 91.91; 95.35; 96.65; 97.67; 96.28; 94.70; 89.58; 96.00; 97.67; 96.00; 94.51; 87.44; 92.84; 95.91; 97.95; 91.53; 94.23; 98.05; 98.42; 93.67; 96.47; 99.07; 99.35; 96.56; 97.21; 100.00; 100.00; 88.09; 90.70; 96.00; 97.02; 97.49; 97.58; 92.28; 90.05; 99.72; 100.00; 100.00; 100.00; 100.00; 100.00; 100.00; 100.00; 100.00; 100.00; 100.00; 100.00; 100.00; 100.00; 100.00; 100.00; 100.00; 100.00; 100.00; 100.00; 100.00; 100.00; 100.00; 100.00; 100.00; 96.65; 92.28; 90.42; 88.37; 100.00; 100.00; 100.00; 100.00; 100.00; 100.00; 100.00; 100.00; 100.00; 100.00; 99.81; 96.37; 62.33; 58.14; 100.00; 100.00; 99.72; 93.49; 65.95; 100.00; 100.00; 100.00; 100.00; 100.00; 100.00; 99.07; 100.00; 96.65; 93.30; 99.35; 100.00; 96.65; 92.28; 96.56; 96.37; 98.60; 100.00; 95.43; 94.75; 96.17; 94.17; 100.00; 91.93; 100.00; 99.05; 60.23; 98.30; 95.14; 97.26; 97.07; 97.88; 95.04; 97.45; 96.50
ssl + trustmark watermarking; 100.00; 99.44; 99.91; 100.00; 100.00; 100.00; 99.91; 100.00; 100.00; 100.00; 100.00; 100.00; 96.00; 98.23; 99.44; 100.00; 97.86; 99.16; 99.81; 100.00; 98.60; 99.44; 100.00; 100.00; 99.81; 99.53; 100.00; 100.00; 94.51; 96.74; 99.44; 100.00; 100.00; 100.00; 96.37; 96.84; 100.00; 100.00; 100.00; 100.00; 100.00; 100.00; 100.00; 100.00; 100.00; 99.81; 100.00; 99.53; 100.00; 100.00; 100.00; 100.00; 100.00; 100.00; 100.00; 100.00; 100.00; 100.00; 100.00; 100.00; 100.00; 100.00; 99.81; 98.05; 97.12; 98.70; 99.63; 100.00; 100.00; 100.00; 100.00; 100.00; 100.00; 100.00; 100.00; 100.00; 98.23; 68.93; 54.05; 100.00; 100.00; 100.00; 100.00; 65.49; 99.35; 100.00; 100.00; 100.00; 100.00; 100.00; 100.00; 100.00; 96.93; 87.81; 100.00; 100.00; 99.81; 96.28; 90.98; 99.35; 98.88; 91.16; 99.88; 100.00; 99.24; 98.15; 99.97; 98.74; 99.79; 99.56; 61.49; 100.00; 94.98; 96.19; 99.02; 95.09; 99.15; 97.46; 98.13
ssl + dwtDct watermarking; 100.00; 96.37; 98.88; 99.35; 99.72; 99.16; 98.33; 97.86; 99.72; 99.81; 99.26; 98.42; 92.37; 96.09; 98.51; 99.26; 95.91; 97.77; 99.26; 99.53; 96.74; 98.23; 99.81; 99.91; 98.14; 98.98; 100.00; 100.00; 91.16; 92.84; 97.02; 99.35; 99.16; 99.07; 96.47; 94.42; 100.00; 100.00; 100.00; 100.00; 100.00; 100.00; 100.00; 99.91; 99.91; 99.16; 99.91; 99.16; 99.81; 100.00; 100.00; 100.00; 100.00; 100.00; 100.00; 100.00; 100.00; 100.00; 100.00; 100.00; 100.00; 99.26; 97.77; 96.56; 94.60; 92.28; 99.44; 100.00; 100.00; 100.00; 99.81; 99.91; 100.00; 100.00; 92.56; 72.74; 65.40; 60.19; 57.95; 100.00; 99.63; 98.79; 73.67; 65.77; 81.49; 94.33; 99.63; 99.72; 99.91; 99.91; 99.63; 100.00; 94.33; 85.40; 99.72; 100.00; 98.51; 93.77; 86.14; 96.28; 95.07; 85.77; 98.64; 99.01; 98.16; 96.44; 99.91; 97.05; 98.93; 82.67; 59.07; 93.02; 91.53; 94.84; 98.00; 90.81; 97.88; 94.85; 96.05
ssl + dwtDctSvd watermarking; 100.00; 92.47; 96.09; 97.77; 98.14; 96.74; 94.88; 91.16; 96.56; 97.58; 97.12; 94.42; 92.28; 95.26; 98.60; 98.98; 94.70; 96.19; 99.16; 98.98; 96.47; 97.12; 99.53; 99.53; 97.49; 97.95; 100.00; 100.00; 91.72; 93.67; 98.23; 98.70; 98.60; 98.42; 94.14; 89.86; 99.44; 100.00; 100.00; 100.00; 100.00; 100.00; 100.00; 100.00; 100.00; 100.00; 100.00; 99.91; 100.00; 100.00; 100.00; 100.00; 100.00; 100.00; 100.00; 100.00; 100.00; 100.00; 100.00; 100.00; 100.00; 97.86; 94.33; 93.21; 90.51; 99.72; 95.81; 100.00; 99.53; 99.91; 96.74; 100.00; 100.00; 100.00; 99.72; 87.91; 91.16; 82.33; 64.84; 99.81; 94.88; 89.40; 64.19; 65.49; 77.49; 92.65; 99.81; 100.00; 100.00; 100.00; 99.63; 100.00; 94.23; 84.65; 99.53; 100.00; 97.58; 93.02; 80.56; 94.70; 93.02; 80.37; 96.02; 95.37; 97.64; 96.21; 100.00; 93.98; 98.97; 94.70; 73.58; 87.07; 90.78; 94.63; 97.53; 87.16; 96.35; 95.39; 95.77
ssl + rivaGan watermarking; 100.00; 99.81; 100.00; 100.00; 100.00; 100.00; 99.91; 98.42; 100.00; 100.00; 100.00; 100.00; 100.00; 100.00; 100.00; 100.00; 99.91; 99.91; 100.00; 100.00; 100.00; 100.00; 100.00; 100.00; 100.00; 100.00; 100.00; 100.00; 99.91; 100.00; 100.00; 100.00; 100.00; 100.00; 100.00; 89.95; 99.53; 100.00; 100.00; 100.00; 100.00; 99.91; 100.00; 100.00; 100.00; 99.81; 100.00; 99.91; 99.91; 100.00; 100.00; 100.00; 100.00; 100.00; 100.00; 100.00; 100.00; 100.00; 100.00; 100.00; 100.00; 100.00; 99.16; 90.88; 89.02; 100.00; 100.00; 100.00; 100.00; 100.00; 99.91; 100.00; 99.91; 100.00; 100.00; 99.72; 99.53; 99.35; 88.19; 100.00; 99.91; 99.16; 94.79; 82.23; 97.67; 99.63; 100.00; 100.00; 100.00; 100.00; 100.00; 100.00; 99.63; 95.16; 100.00; 100.00; 99.72; 98.33; 84.93; 92.47; 94.70; 84.56; 99.95; 99.68; 99.99; 99.99; 99.98; 94.77; 99.98; 99.81; 93.77; 98.47; 97.08; 98.70; 99.51; 89.16; 99.16; 98.51; 98.77
ssl + stegastamp watermarking; 99.91; 97.86; 99.35; 99.63; 99.63; 99.44; 98.88; 98.51; 99.91; 99.81; 99.81; 99.53; 88.74; 94.60; 97.67; 99.07; 94.88; 98.14; 99.35; 99.91; 96.37; 98.88; 99.63; 99.91; 99.16; 99.81; 99.91; 99.91; 97.67; 98.23; 98.51; 99.53; 99.81; 99.72; 99.53; 95.44; 99.91; 100.00; 100.00; 99.91; 100.00; 99.81; 99.81; 99.63; 99.44; 97.86; 99.16; 98.42; 99.44; 99.91; 99.81; 99.63; 99.81; 99.81; 99.91; 99.91; 99.91; 99.91; 99.91; 99.91; 99.53; 99.91; 98.60; 97.02; 95.91; 97.30; 99.35; 99.81; 99.63; 99.63; 99.07; 99.26; 99.81; 99.81; 97.40; 91.91; 86.98; 94.23; 91.63; 100.00; 100.00; 99.63; 94.23; 96.84; 97.02; 97.58; 98.70; 99.44; 99.72; 99.81; 100.00; 99.91; 98.23; 93.30; 99.91; 99.91; 99.07; 97.49; 96.84; 99.07; 98.79; 96.37; 99.13; 99.52; 97.87; 99.00; 99.64; 97.86; 99.23; 94.02; 92.93; 98.47; 98.45; 97.86; 99.09; 97.77; 98.45; 98.51; 98.49
ssl + arwgan watermarking; 100.00; 98.70; 99.81; 100.00; 100.00; 100.00; 100.00; 100.00; 100.00; 100.00; 100.00; 100.00; 100.00; 100.00; 100.00; 100.00; 100.00; 100.00; 100.00; 100.00; 100.00; 100.00; 100.00; 100.00; 100.00; 100.00; 100.00; 100.00; 100.00; 100.00; 100.00; 100.00; 100.00; 100.00; 100.00; 95.63; 100.00; 100.00; 100.00; 100.00; 100.00; 100.00; 100.00; 100.00; 100.00; 100.00; 100.00; 100.00; 100.00; 100.00; 100.00; 100.00; 100.00; 100.00; 100.00; 100.00; 100.00; 100.00; 100.00; 100.00; 100.00; 100.00; 98.88; 97.86; 95.91; 100.00; 100.00; 100.00; 100.00; 100.00; 100.00; 100.00; 100.00; 100.00; 100.00; 100.00; 100.00; 67.44; 63.16; 100.00; 99.81; 99.16; 76.37; 65.40; 80.09; 93.12; 99.53; 100.00; 100.00; 100.00; 100.00; 100.00; 98.88; 94.88; 100.00; 100.00; 99.91; 98.23; 90.51; 98.60; 98.42; 90.88; 99.75; 100.00; 100.00; 100.00; 100.00; 98.16; 100.00; 100.00; 65.30; 93.84; 91.16; 98.44; 99.53; 94.60; 99.67; 96.96; 98.03
blind + ssl watermarking; 100.00; 99.63; 99.91; 100.00; 100.00; 100.00; 99.91; 99.72; 100.00; 100.00; 100.00; 99.91; 96.37; 98.79; 99.81; 99.91; 98.60; 99.53; 100.00; 100.00; 99.35; 100.00; 100.00; 100.00; 99.81; 100.00; 100.00; 100.00; 95.35; 97.77; 99.63; 100.00; 100.00; 100.00; 99.35; 98.42; 100.00; 100.00; 100.00; 100.00; 100.00; 100.00; 100.00; 100.00; 100.00; 100.00; 100.00; 100.00; 100.00; 100.00; 100.00; 100.00; 100.00; 100.00; 100.00; 100.00; 100.00; 100.00; 100.00; 100.00; 100.00; 100.00; 99.91; 99.63; 98.14; 100.00; 100.00; 100.00; 100.00; 100.00; 100.00; 100.00; 100.00; 100.00; 100.00; 82.51; 74.51; 62.98; 58.70; 100.00; 100.00; 99.91; 93.58; 68.09; 99.63; 100.00; 100.00; 100.00; 100.00; 100.00; 100.00; 100.00; 98.42; 92.74; 100.00; 100.00; 99.44; 96.47; 98.14; 99.72; 99.35; 100.00; 99.91; 99.93; 99.51; 98.87; 100.00; 99.42; 100.00; 89.26; 60.84; 98.37; 95.39; 97.79; 98.98; 99.30; 99.49; 97.12; 98.06
blind + trustmark watermarking; 100.00; 96.28; 97.02; 96.19; 93.40; 92.74; 93.30; 100.00; 100.00; 100.00; 100.00; 100.00; 50.79; 51.72; 52.00; 51.07; 52.19; 51.26; 57.30; 55.26; 53.86; 51.81; 97.40; 96.84; 57.30; 57.02; 100.00; 100.00; 53.58; 54.70; 53.02; 100.00; 100.00; 54.60; 52.65; 56.74; 100.00; 100.00; 100.00; 100.00; 100.00; 100.00; 100.00; 100.00; 100.00; 100.00; 100.00; 100.00; 100.00; 100.00; 100.00; 100.00; 100.00; 100.00; 100.00; 100.00; 100.00; 100.00; 100.00; 100.00; 100.00; 99.16; 50.05; 51.63; 47.91; 100.00; 93.49; 100.00; 100.00; 100.00; 100.00; 100.00; 100.00; 100.00; 100.00; 100.00; 97.86; 66.51; 52.28; 100.00; 100.00; 100.00; 100.00; 50.60; 100.00; 100.00; 100.00; 100.00; 100.00; 100.00; 100.00; 100.00; 87.53; 84.09; 100.00; 100.00; 85.67; 68.84; 87.81; 80.00; 81.77; 100.00; 94.82; 100.00; 64.74; 66.94; 100.00; 62.19; 99.19; 99.47; 59.40; 100.00; 92.94; 92.91; 88.63; 87.40; 74.47; 95.68; 87.28
blind + dwtDct watermarking; 100.00; 54.33; 54.05; 57.58; 53.21; 53.12; 53.02; 52.74; 53.86; 54.05; 51.91; 54.05; 57.49; 56.65; 56.74; 55.53; 56.84; 56.19; 59.07; 57.58; 60.47; 58.70; 61.40; 60.84; 62.05; 61.30; 100.00; 100.00; 59.44; 58.79; 57.58; 55.26; 62.42; 57.21; 54.88; 62.23; 53.67; 100.00; 100.00; 100.00; 100.00; 100.00; 100.00; 100.00; 100.00; 100.00; 100.00; 100.00; 100.00; 100.00; 100.00; 100.00; 100.00; 100.00; 100.00; 100.00; 100.00; 100.00; 100.00; 100.00; 100.00; 61.95; 53.49; 53.40; 52.84; 100.00; 85.86; 100.00; 100.00; 100.00; 100.00; 100.00; 100.00; 100.00; 100.00; 52.09; 54.70; 57.49; 58.33; 100.00; 100.00; 99.63; 94.33; 57.77; 100.00; 100.00; 100.00; 100.00; 100.00; 100.00; 66.23; 100.00; 78.14; 78.60; 60.65; 100.00; 66.14; 61.67; 87.63; 74.05; 79.07; 99.81; 54.22; 53.32; 63.80; 57.94; 100.00; 55.42; 98.23; 76.70; 57.91; 98.49; 93.97; 80.74; 72.12; 85.14; 58.90; 92.00; 78.89
blind + dwtDctSvd watermarking; 100.00; 50.98; 51.07; 54.23; 52.00; 50.60; 52.93; 52.37; 50.05; 51.07; 50.05; 50.60; 56.19; 54.51; 53.77; 53.58; 54.42; 54.05; 58.88; 58.33; 56.65; 55.44; 62.98; 61.95; 60.47; 60.19; 100.00; 100.00; 57.67; 57.77; 56.28; 54.23; 61.21; 57.86; 53.12; 59.35; 52.84; 100.00; 100.00; 100.00; 100.00; 100.00; 100.00; 100.00; 100.00; 100.00; 100.00; 100.00; 100.00; 100.00; 100.00; 100.00; 100.00; 100.00; 100.00; 100.00; 100.00; 100.00; 100.00; 100.00; 100.00; 58.79; 52.56; 51.07; 49.95; 100.00; 82.60; 100.00; 100.00; 100.00; 100.00; 100.00; 100.00; 100.00; 100.00; 93.40; 85.77; 94.51; 70.42; 100.00; 99.26; 97.02; 90.05; 70.98; 100.00; 100.00; 100.00; 100.00; 100.00; 100.00; 73.30; 100.00; 83.72; 83.63; 73.12; 100.00; 70.70; 70.14; 72.00; 80.28; 88.28; 89.30; 51.97; 50.83; 62.59; 56.88; 100.00; 53.09; 97.83; 94.79; 82.47; 96.58; 95.85; 85.16; 78.49; 82.47; 57.25; 94.57; 79.79
blind + rivaGan watermarking; 100.00; 99.91; 100.00; 100.00; 100.00; 100.00; 99.91; 97.58; 99.91; 100.00; 100.00; 100.00; 100.00; 100.00; 100.00; 100.00; 99.91; 99.91; 100.00; 100.00; 100.00; 100.00; 100.00; 100.00; 100.00; 100.00; 100.00; 100.00; 99.91; 100.00; 100.00; 100.00; 100.00; 100.00; 100.00; 58.79; 58.60; 100.00; 100.00; 100.00; 100.00; 100.00; 100.00; 100.00; 100.00; 100.00; 100.00; 100.00; 100.00; 100.00; 100.00; 100.00; 100.00; 100.00; 100.00; 100.00; 100.00; 100.00; 100.00; 100.00; 100.00; 100.00; 98.98; 72.00; 57.77; 100.00; 100.00; 100.00; 100.00; 100.00; 100.00; 100.00; 100.00; 100.00; 100.00; 99.53; 99.35; 99.44; 89.12; 100.00; 100.00; 99.81; 96.47; 84.84; 100.00; 100.00; 100.00; 100.00; 100.00; 100.00; 99.72; 100.00; 99.81; 97.12; 99.81; 100.00; 99.53; 97.77; 76.28; 92.00; 94.98; 97.77; 99.97; 99.50; 99.99; 99.99; 100.00; 82.19; 100.00; 99.72; 94.28; 99.07; 97.83; 99.16; 99.28; 90.26; 96.08; 98.74; 97.69
blind + stegastamp watermarking; 100.00; 61.58; 77.58; 93.02; 92.56; 81.67; 73.30; 57.12; 53.49; 69.30; 99.44; 97.30; 53.12; 58.88; 55.35; 61.21; 55.63; 56.19; 58.70; 59.72; 57.77; 56.47; 61.49; 57.12; 57.77; 63.91; 100.00; 100.00; 97.30; 97.95; 96.84; 97.02; 97.40; 96.56; 96.65; 66.33; 48.09; 100.00; 100.00; 100.00; 100.00; 100.00; 100.00; 100.00; 100.00; 100.00; 100.00; 100.00; 100.00; 100.00; 100.00; 100.00; 100.00; 100.00; 100.00; 100.00; 100.00; 100.00; 100.00; 100.00; 100.00; 96.28; 52.19; 55.63; 52.84; 100.00; 98.05; 100.00; 100.00; 100.00; 99.81; 100.00; 100.00; 100.00; 100.00; 95.44; 87.26; 93.77; 92.00; 100.00; 100.00; 100.00; 97.67; 97.12; 99.63; 100.00; 100.00; 100.00; 100.00; 100.00; 96.84; 100.00; 98.14; 97.30; 97.86; 100.00; 96.74; 95.44; 99.16; 98.88; 98.23; 100.00; 79.95; 75.33; 63.33; 97.10; 100.00; 64.23; 99.73; 95.67; 92.88; 99.42; 99.53; 98.07; 97.51; 99.07; 73.02; 99.01; 88.71
blind + arwgan watermarking; 100.00; 95.44; 99.44; 99.91; 99.91; 99.91; 99.44; 100.00; 100.00; 100.00; 100.00; 100.00; 100.00; 100.00; 100.00; 100.00; 100.00; 100.00; 100.00; 100.00; 100.00; 100.00; 100.00; 100.00; 100.00; 100.00; 100.00; 100.00; 100.00; 100.00; 100.00; 100.00; 100.00; 100.00; 100.00; 61.67; 62.88; 100.00; 100.00; 100.00; 100.00; 100.00; 100.00; 100.00; 100.00; 100.00; 100.00; 100.00; 100.00; 100.00; 100.00; 100.00; 100.00; 100.00; 100.00; 100.00; 100.00; 100.00; 100.00; 100.00; 100.00; 100.00; 72.00; 50.42; 51.72; 100.00; 100.00; 100.00; 100.00; 100.00; 100.00; 100.00; 100.00; 100.00; 100.00; 100.00; 100.00; 68.19; 64.28; 100.00; 100.00; 97.49; 91.72; 52.74; 99.91; 100.00; 100.00; 100.00; 100.00; 100.00; 100.00; 100.00; 99.53; 96.93; 100.00; 100.00; 99.63; 98.33; 87.81; 71.44; 75.53; 100.00; 99.01; 100.00; 100.00; 100.00; 100.00; 68.53; 100.00; 100.00; 66.23; 97.30; 93.24; 99.12; 99.49; 83.70; 94.82; 96.78; 96.00
trustmark + ssl watermarking; 100.00; 99.72; 100.00; 100.00; 100.00; 100.00; 99.91; 100.00; 100.00; 100.00; 100.00; 100.00; 96.65; 99.16; 99.81; 99.91; 98.60; 99.63; 100.00; 100.00; 99.35; 100.00; 100.00; 100.00; 99.91; 100.00; 100.00; 100.00; 95.26; 97.86; 99.81; 100.00; 100.00; 100.00; 99.26; 98.88; 100.00; 100.00; 100.00; 100.00; 100.00; 100.00; 100.00; 100.00; 100.00; 99.81; 100.00; 99.63; 100.00; 100.00; 100.00; 100.00; 100.00; 100.00; 100.00; 100.00; 100.00; 100.00; 100.00; 100.00; 100.00; 100.00; 100.00; 99.72; 98.98; 96.09; 99.91; 100.00; 100.00; 100.00; 100.00; 100.00; 100.00; 100.00; 100.00; 99.26; 96.19; 62.05; 53.30; 100.00; 100.00; 100.00; 99.07; 64.93; 96.09; 99.91; 100.00; 100.00; 100.00; 100.00; 100.00; 100.00; 97.02; 88.00; 100.00; 100.00; 99.63; 96.19; 94.98; 99.91; 99.72; 95.07; 99.94; 100.00; 99.56; 98.88; 99.98; 99.67; 99.50; 98.86; 57.67; 99.77; 94.42; 96.26; 98.95; 97.42; 99.56; 97.32; 98.21
trustmark + blind watermarking; 100.00; 74.79; 82.42; 81.77; 76.84; 79.72; 68.93; 88.56; 88.65; 90.33; 89.30; 90.42; 54.23; 53.02; 52.00; 51.81; 52.56; 52.37; 55.35; 55.07; 55.16; 54.70; 57.02; 59.07; 57.86; 57.40; 100.00; 100.00; 56.28; 55.44; 50.51; 85.12; 86.33; 56.37; 53.30; 58.98; 83.35; 100.00; 100.00; 100.00; 100.00; 100.00; 100.00; 100.00; 100.00; 100.00; 100.00; 100.00; 100.00; 100.00; 100.00; 100.00; 100.00; 100.00; 100.00; 100.00; 100.00; 100.00; 100.00; 100.00; 100.00; 69.30; 49.40; 50.98; 50.60; 100.00; 97.30; 100.00; 100.00; 100.00; 100.00; 100.00; 100.00; 100.00; 100.00; 99.44; 91.35; 58.42; 51.63; 100.00; 100.00; 100.00; 98.70; 50.51; 100.00; 100.00; 100.00; 100.00; 100.00; 100.00; 81.58; 100.00; 78.42; 81.30; 74.14; 100.00; 63.26; 44.09; 86.05; 81.95; 87.53; 100.00; 77.41; 89.45; 60.48; 63.34; 100.00; 55.07; 99.66; 97.70; 55.02; 99.67; 92.93; 85.33; 70.37; 88.88; 67.13; 93.86; 83.28
trustmark + dwtDct watermarking; 100.00; 96.37; 96.37; 95.16; 94.23; 94.51; 94.42; 100.00; 100.00; 100.00; 100.00; 100.00; 52.19; 51.63; 52.65; 52.74; 51.91; 50.70; 52.00; 50.70; 53.77; 53.77; 97.77; 94.98; 53.49; 53.40; 100.00; 100.00; 53.95; 53.49; 53.58; 100.00; 100.00; 46.23; 44.00; 53.12; 100.00; 100.00; 100.00; 100.00; 100.00; 100.00; 100.00; 100.00; 100.00; 99.35; 100.00; 96.74; 98.98; 99.07; 100.00; 99.35; 100.00; 100.00; 100.00; 100.00; 100.00; 100.00; 100.00; 100.00; 100.00; 97.77; 49.02; 49.12; 49.86; 100.00; 92.47; 89.67; 100.00; 100.00; 100.00; 100.00; 100.00; 100.00; 100.00; 100.00; 100.00; 53.49; 56.19; 100.00; 100.00; 100.00; 100.00; 48.84; 92.74; 100.00; 100.00; 100.00; 100.00; 100.00; 100.00; 100.00; 83.91; 56.74; 100.00; 100.00; 91.91; 73.95; 53.58; 44.56; 43.91; 52.84; 95.18; 100.00; 63.85; 64.47; 99.73; 61.44; 97.77; 100.00; 54.84; 100.00; 91.65; 85.16; 91.47; 48.72; 73.57; 92.27; 84.86
trustmark + dwtDctSvd watermarking; 100.00; 83.16; 92.19; 90.88; 86.98; 88.28; 83.07; 96.09; 96.09; 96.09; 96.09; 96.09; 47.63; 46.51; 48.28; 47.53; 47.53; 46.79; 51.16; 51.16; 50.05; 49.30; 68.93; 66.88; 54.42; 53.58; 100.00; 100.00; 46.33; 48.74; 46.42; 87.91; 93.02; 45.30; 44.00; 53.30; 96.28; 100.00; 100.00; 100.00; 100.00; 100.00; 100.00; 100.00; 100.00; 100.00; 100.00; 100.00; 100.00; 100.00; 100.00; 100.00; 100.00; 100.00; 100.00; 100.00; 100.00; 100.00; 100.00; 100.00; 100.00; 77.02; 44.00; 44.37; 44.37; 100.00; 78.14; 100.00; 99.53; 97.40; 79.16; 100.00; 100.00; 100.00; 100.00; 95.91; 86.88; 92.93; 70.05; 100.00; 99.44; 98.98; 97.21; 44.09; 72.19; 97.21; 100.00; 100.00; 100.00; 100.00; 86.98; 100.00; 59.72; 47.91; 86.98; 100.00; 58.70; 54.88;  0.00; 44.00; 44.56;  1.21; 87.43; 96.09; 58.11; 58.82; 100.00; 52.44; 94.28; 95.70; 81.49; 98.91; 87.64; 73.65; 75.14; 22.44; 67.65; 88.43; 80.20
trustmark + rivaGan watermarking; 100.00; 99.91; 100.00; 100.00; 100.00; 100.00; 100.00; 100.00; 100.00; 100.00; 100.00; 100.00; 100.00; 100.00; 100.00; 100.00; 99.91; 99.91; 100.00; 100.00; 100.00; 100.00; 100.00; 100.00; 100.00; 100.00; 100.00; 100.00; 99.91; 100.00; 100.00; 100.00; 100.00; 100.00; 100.00; 43.26; 100.00; 100.00; 100.00; 100.00; 100.00; 100.00; 100.00; 100.00; 100.00; 100.00; 100.00; 100.00; 100.00; 100.00; 100.00; 100.00; 100.00; 100.00; 100.00; 100.00; 100.00; 100.00; 100.00; 100.00; 100.00; 100.00; 98.98; 72.28; 57.02; 100.00; 100.00; 100.00; 100.00; 100.00; 100.00; 100.00; 100.00; 100.00; 100.00; 100.00; 99.63; 99.91; 89.95; 100.00; 100.00; 100.00; 100.00; 80.28; 99.72; 100.00; 100.00; 100.00; 100.00; 100.00; 100.00; 100.00; 99.72; 95.53; 100.00; 100.00; 99.53; 97.77;  0.93; 63.91; 40.37;  2.51; 99.98; 100.00; 99.99; 99.99; 100.00; 82.07; 100.00; 99.91; 94.93; 100.00; 97.14; 98.81; 99.33; 26.93; 96.78; 94.59; 95.45
trustmark + stegastamp watermarking; 100.00; 95.63; 96.56; 97.49; 97.40; 96.65; 96.19; 100.00; 100.00; 100.00; 100.00; 100.00; 39.81; 56.56; 50.42; 58.23; 49.12; 50.42; 49.12; 53.49; 46.98; 45.58; 92.47; 93.30; 35.81; 54.98; 98.14; 100.00; 97.30; 97.86; 96.56; 100.00; 100.00; 96.47; 96.84; 55.63; 100.00; 100.00; 100.00; 100.00; 100.00; 100.00; 100.00; 100.00; 100.00; 99.44; 100.00; 97.40; 100.00; 100.00; 100.00; 100.00; 100.00; 99.53; 100.00; 100.00; 100.00; 100.00; 100.00; 100.00; 100.00; 100.00; 44.56; 50.60; 46.60; 100.00; 98.88; 96.37; 100.00; 99.53; 100.00; 100.00; 100.00; 100.00; 100.00; 100.00; 98.98; 94.98; 91.72; 100.00; 100.00; 100.00; 100.00; 96.47; 99.53; 100.00; 100.00; 100.00; 100.00; 100.00; 100.00; 100.00; 97.30; 93.21; 100.00; 100.00; 99.07; 97.49; 95.81; 96.56; 96.47; 95.72; 96.65; 100.00; 60.90; 97.86; 99.85; 60.44; 99.35; 99.74; 93.35; 100.00; 99.43; 97.63; 99.14; 96.14; 78.42; 99.09; 90.90
trustmark + arwgan watermarking; 100.00; 99.07; 99.63; 99.81; 100.00; 100.00; 99.81; 100.00; 100.00; 100.00; 100.00; 100.00; 100.00; 100.00; 100.00; 100.00; 100.00; 100.00; 100.00; 100.00; 100.00; 100.00; 100.00; 100.00; 100.00; 100.00; 100.00; 100.00; 100.00; 100.00; 100.00; 100.00; 100.00; 100.00; 100.00; 47.53; 100.00; 100.00; 100.00; 100.00; 100.00; 100.00; 100.00; 100.00; 100.00; 100.00; 100.00; 100.00; 100.00; 100.00; 100.00; 100.00; 100.00; 100.00; 100.00; 100.00; 100.00; 100.00; 100.00; 100.00; 100.00; 100.00; 69.12; 49.40; 40.19; 100.00; 100.00; 100.00; 100.00; 100.00; 100.00; 100.00; 100.00; 100.00; 100.00; 100.00; 100.00; 72.74; 62.79; 100.00; 100.00; 100.00; 100.00; 43.35; 93.95; 100.00; 100.00; 100.00; 100.00; 100.00; 100.00; 100.00; 97.77; 91.91; 100.00; 100.00; 99.53; 96.65;  3.63; 58.23; 49.12;  4.74; 99.72; 100.00; 100.00; 100.00; 100.00; 64.67; 100.00; 100.00; 67.77; 100.00; 91.04; 97.42; 99.05; 28.93; 95.11; 93.02; 93.85
dwtDct + ssl watermarking; 100.00; 98.70; 99.72; 100.00; 100.00; 100.00; 99.81; 99.35; 100.00; 100.00; 100.00; 99.91; 95.81; 98.79; 99.91; 100.00; 98.42; 99.35; 100.00; 100.00; 99.16; 99.91; 100.00; 100.00; 99.81; 99.81; 100.00; 100.00; 94.88; 97.12; 99.53; 99.81; 100.00; 99.91; 99.16; 97.77; 100.00; 100.00; 100.00; 100.00; 100.00; 100.00; 100.00; 100.00; 100.00; 99.91; 99.91; 99.72; 100.00; 100.00; 100.00; 100.00; 100.00; 100.00; 100.00; 100.00; 100.00; 100.00; 100.00; 100.00; 100.00; 100.00; 99.63; 99.53; 98.05; 91.35; 100.00; 100.00; 100.00; 100.00; 100.00; 99.91; 100.00; 100.00; 96.56; 77.77; 70.42; 60.93; 58.23; 100.00; 100.00; 99.53; 77.77; 66.33; 80.93; 96.19; 99.91; 100.00; 100.00; 100.00; 100.00; 100.00; 95.35; 86.98; 100.00; 100.00; 99.07; 95.72; 92.28; 99.53; 98.98; 92.09; 99.71; 99.85; 99.44; 98.63; 99.98; 99.30; 98.91; 86.19; 59.58; 94.33; 91.91; 95.58; 98.70; 95.72; 99.35; 95.66; 97.12
dwtDct + blind watermarking; 100.00; 52.47; 53.95; 57.67; 52.93; 51.63; 53.77; 53.30; 51.81; 52.28; 51.91; 53.30; 56.09; 55.72; 57.77; 56.84; 56.09; 55.44; 57.86; 57.58; 59.72; 59.35; 59.44; 59.72; 61.12; 60.37; 100.00; 100.00; 59.26; 57.95; 57.02; 56.00; 62.14; 56.65; 54.42; 60.47; 53.77; 100.00; 100.00; 100.00; 100.00; 100.00; 100.00; 100.00; 100.00; 100.00; 100.00; 100.00; 100.00; 100.00; 100.00; 100.00; 100.00; 100.00; 100.00; 100.00; 100.00; 100.00; 100.00; 100.00; 100.00; 61.49; 53.40; 52.28; 52.93; 100.00; 93.67; 100.00; 100.00; 100.00; 100.00; 100.00; 100.00; 100.00; 100.00; 97.49; 90.51; 58.88; 58.79; 100.00; 100.00; 99.44; 94.23; 51.53; 100.00; 100.00; 100.00; 100.00; 100.00; 100.00; 55.53; 100.00; 77.12; 80.00; 53.67; 100.00; 59.07; 55.72; 92.56; 87.35; 90.70; 100.00; 53.74; 52.52; 63.32; 57.63; 100.00; 55.02; 99.21; 97.00; 58.84; 98.42; 93.08; 78.16; 67.12; 92.65; 58.40; 93.38; 79.53
dwtDct + trustmark watermarking; 100.00; 96.47; 96.19; 94.79; 94.23; 94.23; 94.23; 100.00; 100.00; 100.00; 100.00; 100.00; 51.91; 51.53; 52.28; 52.28; 51.26; 50.14; 50.79; 50.42; 53.21; 52.84; 97.67; 96.65; 53.40; 52.93; 100.00; 100.00; 53.49; 52.37; 52.84; 100.00; 100.00; 46.33; 44.00; 52.47; 100.00; 100.00; 100.00; 100.00; 100.00; 100.00; 100.00; 100.00; 100.00; 100.00; 100.00; 97.40; 100.00; 99.07; 100.00; 99.44; 100.00; 100.00; 100.00; 99.91; 100.00; 100.00; 100.00; 100.00; 100.00; 97.67; 49.58; 48.28; 49.67; 100.00; 89.21; 90.42; 100.00; 100.00; 100.00; 100.00; 100.00; 100.00; 100.00; 100.00; 97.40; 58.60; 56.09; 100.00; 100.00; 100.00; 100.00; 49.86; 97.40; 100.00; 100.00; 100.00; 100.00; 100.00; 100.00; 100.00; 82.14; 55.72; 100.00; 100.00; 95.07; 75.26; 52.56; 44.65; 44.19; 51.63; 95.02; 100.00; 63.58; 64.15; 99.83; 61.30; 97.45; 99.35; 57.35; 100.00; 92.47; 84.47; 92.58; 48.26; 73.35; 92.39; 84.85
dwtDct + dwtDctSvd watermarking; 100.00; 48.47; 48.00; 50.79; 49.67; 48.84; 47.53; 47.91; 47.91; 48.74; 47.91; 47.81; 53.58; 52.28; 54.98; 53.86; 53.58; 51.81; 55.53; 54.33; 57.12; 55.63; 58.70; 57.86; 58.79; 57.49; 100.00; 100.00; 56.93; 55.07; 54.79; 52.09; 55.16; 45.95; 44.00; 53.49; 50.23; 100.00; 100.00; 100.00; 100.00; 100.00; 100.00; 100.00; 100.00; 99.81; 100.00; 99.81; 100.00; 100.00; 100.00; 100.00; 100.00; 100.00; 100.00; 100.00; 100.00; 100.00; 100.00; 100.00; 100.00; 49.86; 48.00; 49.49; 48.84; 99.91; 58.23; 100.00; 48.56; 93.95; 93.86; 100.00; 100.00; 100.00; 98.98; 98.33; 98.42; 79.07; 62.23; 97.49; 66.70; 56.19; 51.44; 48.19; 49.49; 72.47; 94.79; 99.26; 99.91; 99.91; 54.79; 100.00; 64.74; 45.49; 54.88; 100.00; 66.14; 55.91; 46.70; 44.65; 44.09; 47.07; 48.88; 48.06; 60.97; 52.00; 99.98; 49.05; 86.81; 98.93; 70.65; 67.95; 80.57; 66.26; 69.23; 45.63; 54.33; 85.11; 72.92
dwtDct + rivaGan watermarking; 100.00; 99.81; 100.00; 100.00; 100.00; 99.91; 99.91; 97.67; 99.91; 100.00; 100.00; 100.00; 100.00; 100.00; 100.00; 100.00; 99.91; 99.91; 100.00; 100.00; 100.00; 100.00; 100.00; 100.00; 100.00; 100.00; 100.00; 100.00; 100.00; 100.00; 100.00; 100.00; 100.00; 100.00; 100.00; 51.26; 60.00; 100.00; 100.00; 100.00; 100.00; 100.00; 100.00; 100.00; 100.00; 100.00; 100.00; 100.00; 100.00; 100.00; 100.00; 100.00; 100.00; 100.00; 100.00; 100.00; 100.00; 100.00; 100.00; 100.00; 100.00; 100.00; 98.98; 72.74; 57.58; 100.00; 100.00; 100.00; 100.00; 100.00; 100.00; 100.00; 100.00; 100.00; 100.00; 99.72; 99.53; 99.53; 89.30; 100.00; 99.81; 99.07; 94.79; 78.05; 96.28; 99.26; 100.00; 100.00; 100.00; 100.00; 99.53; 100.00; 99.72; 95.91; 99.91; 100.00; 99.53; 97.77; 54.33; 64.09; 53.12; 54.42; 99.94; 99.52; 99.99; 100.00; 100.00; 82.33; 100.00; 99.81; 94.42; 98.42; 96.23; 98.79; 99.30; 56.49; 95.94; 96.29; 96.15
dwtDct + stegastamp watermarking; 99.16; 59.26; 78.14; 92.84; 92.47; 81.21; 71.81; 53.86; 51.81; 67.63; 99.53; 97.58; 52.28; 57.21; 56.56; 60.37; 53.77; 54.14; 54.14; 55.16; 54.88; 54.51; 59.72; 56.00; 53.86; 59.35; 83.91; 99.16; 97.30; 97.86; 96.56; 96.47; 96.93; 96.93; 96.84; 61.21; 49.58; 98.51; 99.16; 98.98; 99.35; 97.02; 99.26; 96.65; 98.51; 96.56; 96.84; 94.98; 98.23; 98.60; 97.58; 99.16; 98.51; 99.35; 98.33; 98.70; 98.51; 99.35; 98.70; 98.60; 98.88; 96.00; 50.88; 53.02; 51.07; 99.35; 98.14; 98.98; 97.12; 99.53; 99.35; 90.05; 98.33; 98.79; 95.07; 90.23; 87.07; 94.42; 91.63; 98.88; 99.53; 98.51; 94.51; 96.84; 97.12; 97.21; 96.93; 97.12; 97.12; 97.12; 95.44; 99.16; 95.91; 92.56; 97.40; 99.16; 96.74; 94.51; 96.00; 96.37; 96.65; 95.81; 79.29; 74.08; 60.31; 96.98; 98.26; 62.74; 97.60; 92.79; 93.02; 97.86; 97.06; 95.77; 96.95; 96.21; 71.30; 97.10; 86.88
dwtDct + arwgan watermarking; 100.00; 93.77; 98.05; 99.53; 99.72; 98.79; 96.28; 96.00; 99.72; 99.72; 100.00; 100.00; 100.00; 100.00; 100.00; 100.00; 100.00; 100.00; 100.00; 100.00; 100.00; 100.00; 100.00; 100.00; 100.00; 100.00; 100.00; 100.00; 100.00; 100.00; 100.00; 100.00; 100.00; 100.00; 100.00; 52.56; 61.95; 100.00; 100.00; 100.00; 100.00; 100.00; 100.00; 100.00; 100.00; 100.00; 100.00; 100.00; 100.00; 100.00; 100.00; 100.00; 100.00; 100.00; 100.00; 100.00; 100.00; 100.00; 100.00; 100.00; 100.00; 100.00; 67.07; 51.35; 48.56; 100.00; 100.00; 100.00; 99.72; 100.00; 98.88; 100.00; 66.23; 100.00; 100.00; 99.72; 99.16; 67.16; 63.07; 93.49; 62.14; 54.42; 48.28; 49.67; 52.00; 52.09; 56.00; 69.30; 84.84; 99.26; 100.00; 100.00; 98.42; 93.49; 100.00; 100.00; 99.63; 96.93; 45.77; 52.37; 53.58; 43.07; 97.69; 99.09; 100.00; 100.00; 100.00; 66.74; 95.60; 99.72; 65.12; 64.58; 66.17; 97.98; 99.14; 48.70; 94.08; 88.50; 90.71
dwtDctSvd + ssl watermarking; 100.00; 98.88; 99.72; 100.00; 100.00; 99.91; 99.81; 99.35; 100.00; 100.00; 99.91; 99.81; 96.65; 98.70; 99.63; 100.00; 98.51; 99.44; 100.00; 100.00; 98.98; 99.91; 100.00; 100.00; 99.91; 100.00; 100.00; 100.00; 95.26; 97.12; 99.53; 100.00; 100.00; 100.00; 99.53; 98.05; 100.00; 100.00; 100.00; 100.00; 100.00; 100.00; 100.00; 100.00; 100.00; 99.07; 99.91; 99.26; 99.91; 100.00; 100.00; 100.00; 100.00; 100.00; 100.00; 100.00; 100.00; 100.00; 100.00; 100.00; 100.00; 100.00; 99.91; 99.35; 98.05; 72.47; 99.81; 100.00; 100.00; 100.00; 100.00; 100.00; 100.00; 100.00; 99.26; 83.44; 74.14; 71.44; 61.77; 100.00; 100.00; 99.44; 76.47; 64.28; 82.14; 95.26; 99.81; 100.00; 100.00; 100.00; 100.00; 100.00; 96.28; 87.16; 100.00; 100.00; 99.53; 96.37; 92.28; 99.72; 99.07; 92.47; 99.72; 99.81; 99.48; 98.78; 99.92; 99.33; 96.53; 89.21; 66.60; 93.98; 91.64; 95.86; 98.98; 95.88; 99.40; 95.75; 97.19
dwtDctSvd + blind watermarking; 100.00; 51.07; 53.40; 54.60; 51.26; 51.16; 51.63; 51.72; 49.95; 52.37; 51.72; 50.88; 56.47; 55.53; 56.65; 56.09; 55.16; 54.42; 58.88; 59.26; 59.26; 57.21; 61.02; 60.65; 61.58; 61.02; 100.00; 100.00; 58.88; 57.95; 56.84; 55.16; 61.02; 55.72; 53.77; 62.79; 56.84; 100.00; 100.00; 100.00; 100.00; 100.00; 100.00; 100.00; 100.00; 100.00; 100.00; 100.00; 100.00; 100.00; 100.00; 100.00; 100.00; 100.00; 100.00; 100.00; 100.00; 100.00; 100.00; 100.00; 100.00; 58.05; 51.72; 51.35; 51.35; 100.00; 91.07; 100.00; 100.00; 100.00; 87.72; 100.00; 100.00; 100.00; 99.91; 62.88; 34.88; 60.28; 61.95; 100.00; 97.77; 89.49; 80.65; 55.26; 100.00; 100.00; 100.00; 100.00; 100.00; 100.00; 64.93; 100.00; 77.40; 82.88; 49.49; 100.00; 63.44; 62.98; 91.72; 67.16; 81.77; 100.00; 52.19; 51.33; 63.33; 57.05; 100.00; 53.12; 97.35; 74.42; 61.12; 91.98; 93.61; 81.30; 68.98; 85.16; 57.86; 91.21; 78.00
dwtDctSvd + trustmark watermarking; 100.00; 96.09; 96.09; 94.79; 92.19; 93.49; 93.49; 100.00; 100.00; 100.00; 100.00; 100.00; 49.30; 45.02; 46.42; 46.33; 45.95; 46.14; 48.74; 47.72; 49.02; 48.65; 95.91; 95.91; 53.21; 51.16; 100.00; 100.00; 51.72; 49.30; 44.74; 100.00; 100.00; 44.28; 44.00; 46.14; 100.00; 100.00; 100.00; 100.00; 100.00; 100.00; 100.00; 100.00; 100.00; 99.44; 100.00; 99.44; 99.91; 99.91; 100.00; 100.00; 100.00; 100.00; 100.00; 100.00; 100.00; 100.00; 100.00; 100.00; 100.00; 100.00; 44.00; 44.56; 44.00; 99.63; 89.58; 99.91; 100.00; 97.21; 100.00; 100.00; 100.00; 100.00; 100.00; 100.00; 96.09; 73.95; 54.70; 100.00; 100.00; 100.00; 100.00; 44.28; 97.40; 100.00; 100.00; 100.00; 100.00; 100.00; 100.00; 100.00; 72.65; 55.72; 100.00; 100.00; 92.09; 72.65;  0.00; 44.00; 44.74;  0.00; 94.36; 100.00; 60.59; 62.01; 99.95; 58.14; 98.29; 99.02; 64.33; 100.00; 91.67; 82.09; 91.19; 22.19; 71.21; 90.71; 82.99
dwtDctSvd + dwtDct watermarking; 100.00; 48.84; 48.00; 52.09; 50.05; 48.93; 48.47; 47.07; 48.00; 47.53; 47.91; 48.47; 55.16; 53.30; 56.74; 55.72; 54.14; 52.09; 55.91; 54.79; 58.88; 56.47; 61.21; 61.40; 58.79; 57.77; 100.00; 100.00; 57.77; 55.72; 56.65; 53.12; 55.53; 46.14; 44.00; 54.70; 50.42; 100.00; 100.00; 100.00; 100.00; 99.91; 100.00; 100.00; 100.00; 99.81; 100.00; 99.81; 100.00; 100.00; 100.00; 99.91; 100.00; 100.00; 100.00; 100.00; 100.00; 99.91; 100.00; 100.00; 100.00; 49.21; 49.49; 49.12; 50.23; 99.72; 64.56; 100.00; 65.95; 94.42; 92.00; 100.00; 100.00; 100.00; 94.51; 98.51; 98.51; 78.33; 62.79; 100.00; 87.44; 69.77; 55.26; 48.56; 51.81; 88.84; 99.63; 100.00; 100.00; 100.00; 53.95; 100.00; 66.23; 44.09; 53.95; 100.00; 68.19; 44.00; 51.53; 44.65; 44.00; 50.23; 49.40; 47.80; 62.02; 52.70; 99.97; 49.51; 89.58; 97.88; 70.56; 78.12; 84.12; 66.07; 66.53; 47.60; 55.00; 86.41; 73.97
dwtDctSvd + rivaGan watermarking; 100.00; 99.81; 100.00; 100.00; 100.00; 100.00; 99.91; 97.49; 99.91; 100.00; 100.00; 100.00; 100.00; 100.00; 100.00; 100.00; 99.91; 99.91; 100.00; 100.00; 100.00; 100.00; 100.00; 100.00; 100.00; 100.00; 100.00; 100.00; 100.00; 100.00; 100.00; 100.00; 100.00; 100.00; 100.00; 46.05; 59.81; 100.00; 100.00; 100.00; 100.00; 100.00; 100.00; 100.00; 100.00; 99.81; 100.00; 99.91; 100.00; 100.00; 100.00; 100.00; 100.00; 100.00; 100.00; 100.00; 100.00; 100.00; 100.00; 100.00; 100.00; 100.00; 99.07; 73.21; 56.74; 100.00; 100.00; 100.00; 100.00; 100.00; 99.81; 100.00; 100.00; 100.00; 100.00; 99.72; 99.44; 99.44; 89.21; 100.00; 100.00; 98.98; 94.42; 80.84; 96.28; 99.26; 100.00; 100.00; 100.00; 100.00; 99.53; 100.00; 99.63; 95.53; 99.81; 100.00; 99.44; 97.58;  4.84; 64.19; 52.65;  0.47; 99.95; 99.48; 99.99; 100.00; 99.99; 82.26; 99.98; 99.79; 94.33; 98.35; 96.62; 98.67; 99.21; 30.53; 95.80; 94.60; 95.08
dwtDctSvd + stegastamp watermarking; 100.00; 58.60; 77.58; 93.30; 92.93; 81.40; 72.56; 52.74; 50.33; 68.65; 99.16; 97.12; 51.35; 56.37; 53.77; 59.35; 51.91; 51.26; 53.58; 56.28; 54.05; 52.28; 58.60; 53.58; 54.14; 61.21; 100.00; 100.00; 97.30; 97.02; 96.47; 96.93; 96.84; 96.47; 96.84; 59.26; 45.67; 100.00; 100.00; 100.00; 100.00; 100.00; 100.00; 100.00; 100.00; 99.81; 100.00; 99.81; 100.00; 100.00; 100.00; 100.00; 100.00; 100.00; 100.00; 100.00; 100.00; 100.00; 100.00; 100.00; 100.00; 95.72; 46.88; 50.23; 49.02; 99.53; 96.93; 100.00; 98.23; 96.74; 96.37; 100.00; 100.00; 100.00; 99.07; 91.63; 86.88; 94.05; 91.53; 99.91; 99.53; 98.79; 94.42; 96.56; 96.65; 96.93; 99.72; 100.00; 100.00; 100.00; 95.16; 100.00; 95.53; 92.56; 97.67; 100.00; 95.63; 94.88; 95.81; 96.19; 96.47; 95.35; 79.40; 73.60; 60.48; 96.84; 99.98; 60.47; 98.48; 94.40; 92.79; 98.16; 98.55; 95.81; 97.05; 95.95; 70.92; 98.17; 87.38
dwtDctSvd + arwgan watermarking; 100.00; 97.02; 99.35; 99.81; 100.00; 99.63; 98.70; 100.00; 100.00; 100.00; 100.00; 100.00; 100.00; 100.00; 100.00; 100.00; 100.00; 100.00; 100.00; 100.00; 100.00; 100.00; 100.00; 100.00; 100.00; 100.00; 100.00; 100.00; 100.00; 100.00; 100.00; 100.00; 100.00; 100.00; 100.00; 53.21; 69.12; 100.00; 100.00; 100.00; 100.00; 100.00; 100.00; 100.00; 100.00; 100.00; 100.00; 100.00; 100.00; 100.00; 100.00; 100.00; 100.00; 100.00; 100.00; 100.00; 100.00; 100.00; 100.00; 100.00; 100.00; 100.00; 67.53; 50.88; 44.00; 100.00; 100.00; 100.00; 99.91; 100.00; 100.00; 100.00; 100.00; 100.00; 100.00; 100.00; 99.26; 74.98; 64.84; 100.00; 84.47; 65.40; 51.07; 46.23; 54.23; 89.77; 99.53; 100.00; 100.00; 100.00; 100.00; 100.00; 97.95; 92.84; 100.00; 100.00; 99.63; 97.02;  4.00; 59.16; 48.74;  3.72; 99.09; 100.00; 100.00; 100.00; 100.00; 65.60; 99.99; 99.81; 69.91; 75.23; 84.25; 97.70; 99.16; 28.91; 94.48; 90.70; 92.20
rivaGan + ssl watermarking; 100.00; 99.81; 100.00; 100.00; 100.00; 100.00; 100.00; 99.63; 100.00; 100.00; 100.00; 100.00; 100.00; 100.00; 100.00; 100.00; 99.91; 100.00; 100.00; 100.00; 100.00; 100.00; 100.00; 100.00; 100.00; 100.00; 100.00; 100.00; 99.91; 100.00; 100.00; 100.00; 100.00; 100.00; 100.00; 98.98; 100.00; 100.00; 100.00; 100.00; 100.00; 100.00; 100.00; 100.00; 100.00; 100.00; 100.00; 100.00; 100.00; 100.00; 100.00; 100.00; 100.00; 100.00; 100.00; 100.00; 100.00; 100.00; 100.00; 100.00; 100.00; 100.00; 100.00; 98.98; 97.95; 100.00; 100.00; 100.00; 100.00; 100.00; 100.00; 100.00; 100.00; 100.00; 100.00; 99.72; 99.53; 98.98; 87.72; 100.00; 100.00; 100.00; 94.88; 81.77; 97.58; 99.81; 100.00; 100.00; 100.00; 100.00; 100.00; 100.00; 99.72; 95.81; 100.00; 100.00; 99.91; 98.51; 94.98; 98.88; 99.35; 94.88; 99.97; 99.93; 99.99; 99.99; 100.00; 99.23; 100.00; 99.81; 93.35; 98.72; 97.02; 98.88; 99.60; 97.02; 99.88; 99.05; 99.38
rivaGan + blind watermarking; 100.00; 99.91; 100.00; 100.00; 100.00; 99.91; 99.91; 96.93; 99.91; 100.00; 100.00; 99.91; 99.91; 100.00; 100.00; 100.00; 99.91; 99.91; 100.00; 100.00; 99.91; 100.00; 100.00; 100.00; 100.00; 100.00; 100.00; 100.00; 99.91; 100.00; 100.00; 100.00; 100.00; 100.00; 100.00; 60.47; 60.56; 100.00; 100.00; 100.00; 100.00; 100.00; 100.00; 100.00; 100.00; 100.00; 100.00; 100.00; 100.00; 100.00; 100.00; 100.00; 100.00; 100.00; 100.00; 100.00; 100.00; 100.00; 100.00; 100.00; 100.00; 100.00; 98.98; 71.26; 58.60; 100.00; 100.00; 100.00; 100.00; 100.00; 100.00; 100.00; 100.00; 100.00; 100.00; 100.00; 99.81; 99.81; 90.98; 100.00; 100.00; 100.00; 97.02; 84.00; 100.00; 100.00; 100.00; 100.00; 100.00; 100.00; 99.35; 100.00; 99.81; 98.05; 99.81; 100.00; 99.53; 97.86; 86.23; 74.42; 96.65; 100.00; 99.95; 99.35; 99.98; 99.99; 100.00; 82.21; 100.00; 99.95; 95.40; 99.26; 97.71; 99.30; 99.30; 89.33; 96.15; 98.74; 97.71
rivaGan + trustmark watermarking; 100.00; 99.91; 100.00; 100.00; 100.00; 100.00; 100.00; 100.00; 100.00; 100.00; 100.00; 100.00; 100.00; 100.00; 100.00; 100.00; 99.91; 99.91; 100.00; 100.00; 100.00; 100.00; 100.00; 100.00; 99.91; 99.91; 100.00; 100.00; 99.91; 100.00; 100.00; 100.00; 100.00; 100.00; 100.00; 41.02; 100.00; 100.00; 100.00; 100.00; 100.00; 100.00; 100.00; 100.00; 100.00; 100.00; 100.00; 100.00; 100.00; 100.00; 100.00; 100.00; 100.00; 100.00; 100.00; 100.00; 100.00; 100.00; 100.00; 100.00; 100.00; 100.00; 98.88; 72.47; 57.21; 100.00; 100.00; 100.00; 100.00; 100.00; 100.00; 100.00; 100.00; 100.00; 100.00; 100.00; 100.00; 99.44; 88.00; 100.00; 100.00; 100.00; 100.00; 78.88; 100.00; 100.00; 100.00; 100.00; 100.00; 100.00; 100.00; 100.00; 99.53; 95.53; 100.00; 100.00; 99.53; 97.77;  3.63; 64.84; 40.00;  2.70; 99.98; 100.00; 99.98; 99.99; 100.00; 82.14; 100.00; 100.00; 93.72; 100.00; 96.98; 98.77; 99.33; 27.79; 96.73; 94.59; 95.43
rivaGan + dwtDct watermarking; 100.00; 99.81; 100.00; 100.00; 100.00; 99.91; 99.91; 97.21; 99.91; 100.00; 100.00; 100.00; 100.00; 100.00; 100.00; 100.00; 99.91; 99.91; 100.00; 100.00; 100.00; 100.00; 100.00; 100.00; 100.00; 100.00; 100.00; 100.00; 99.91; 100.00; 100.00; 100.00; 100.00; 100.00; 100.00; 52.56; 60.00; 100.00; 100.00; 100.00; 100.00; 100.00; 100.00; 100.00; 100.00; 100.00; 100.00; 100.00; 100.00; 100.00; 100.00; 100.00; 100.00; 100.00; 100.00; 100.00; 100.00; 100.00; 100.00; 100.00; 100.00; 100.00; 99.07; 72.37; 57.58; 100.00; 100.00; 100.00; 100.00; 100.00; 100.00; 100.00; 100.00; 100.00; 100.00; 99.72; 99.81; 99.63; 89.67; 100.00; 99.91; 99.16; 94.70; 79.35; 96.84; 99.35; 100.00; 100.00; 100.00; 100.00; 99.63; 100.00; 99.91; 96.00; 99.91; 100.00; 99.53; 97.67; 57.12; 68.19; 50.98; 55.26; 99.94; 99.42; 99.99; 99.99; 100.00; 82.26; 100.00; 99.88; 94.65; 98.44; 96.50; 98.88; 99.28; 57.88; 95.95; 96.43; 96.24
rivaGan + dwtDctSvd watermarking; 100.00; 99.81; 99.91; 100.00; 100.00; 99.91; 99.91; 97.12; 99.81; 100.00; 100.00; 100.00; 100.00; 100.00; 100.00; 100.00; 99.91; 99.91; 100.00; 100.00; 100.00; 100.00; 100.00; 100.00; 99.91; 99.91; 100.00; 100.00; 99.91; 100.00; 100.00; 100.00; 100.00; 100.00; 100.00; 48.84; 59.63; 100.00; 100.00; 100.00; 100.00; 100.00; 100.00; 100.00; 100.00; 100.00; 100.00; 100.00; 100.00; 100.00; 100.00; 100.00; 100.00; 100.00; 100.00; 100.00; 100.00; 100.00; 100.00; 100.00; 100.00; 100.00; 98.88; 73.86; 57.12; 100.00; 100.00; 100.00; 100.00; 100.00; 99.81; 100.00; 100.00; 100.00; 100.00; 99.72; 99.53; 99.53; 89.40; 100.00; 99.81; 98.98; 94.42; 83.63; 97.02; 99.63; 100.00; 100.00; 100.00; 100.00; 99.53; 100.00; 99.63; 95.72; 99.91; 100.00; 99.53; 97.67;  0.37; 68.19; 97.58;  0.37; 99.92; 99.39; 99.98; 99.99; 100.00; 82.47; 99.98; 99.81; 94.47; 98.30; 97.18; 98.72; 99.28; 41.63; 95.86; 95.41; 95.59
rivaGan + stegastamp watermarking; 100.00; 99.81; 100.00; 100.00; 100.00; 99.91; 99.91; 95.72; 99.81; 99.91; 100.00; 99.91; 99.81; 100.00; 99.91; 100.00; 99.81; 99.91; 99.91; 100.00; 99.91; 100.00; 100.00; 100.00; 99.91; 100.00; 99.91; 100.00; 99.35; 100.00; 100.00; 100.00; 99.91; 100.00; 100.00; 56.74; 58.23; 100.00; 99.91; 99.91; 99.91; 99.91; 99.91; 99.91; 99.91; 99.81; 99.91; 99.81; 99.91; 100.00; 100.00; 100.00; 100.00; 100.00; 100.00; 100.00; 100.00; 100.00; 100.00; 100.00; 100.00; 100.00; 98.42; 71.91; 57.49; 100.00; 100.00; 100.00; 100.00; 100.00; 100.00; 100.00; 99.91; 100.00; 100.00; 99.63; 99.35; 98.14; 92.74; 100.00; 99.91; 99.63; 96.56; 96.84; 98.23; 99.63; 100.00; 99.91; 100.00; 100.00; 99.44; 100.00; 99.35; 96.93; 99.53; 100.00; 99.91; 99.16; 96.09; 96.56; 96.09; 96.28; 99.94; 99.07; 99.94; 99.89; 99.95; 81.95; 99.99; 99.74; 95.44; 99.02; 99.23; 98.93; 99.65; 96.26; 95.90; 99.32; 97.97
rivaGan + arwgan watermarking; 100.00; 99.91; 100.00; 100.00; 100.00; 100.00; 100.00; 100.00; 100.00; 100.00; 100.00; 100.00; 100.00; 100.00; 100.00; 100.00; 100.00; 100.00; 100.00; 100.00; 100.00; 100.00; 100.00; 100.00; 100.00; 100.00; 100.00; 100.00; 100.00; 100.00; 100.00; 100.00; 100.00; 100.00; 100.00; 48.74; 67.72; 100.00; 100.00; 100.00; 100.00; 100.00; 100.00; 100.00; 100.00; 100.00; 100.00; 100.00; 100.00; 100.00; 100.00; 100.00; 100.00; 100.00; 100.00; 100.00; 100.00; 100.00; 100.00; 100.00; 100.00; 100.00; 98.88; 75.91; 58.70; 100.00; 100.00; 100.00; 100.00; 100.00; 100.00; 100.00; 99.91; 100.00; 100.00; 100.00; 100.00; 99.26; 87.26; 100.00; 99.72; 98.79; 93.95; 79.26; 96.19; 99.35; 100.00; 100.00; 100.00; 100.00; 100.00; 100.00; 99.91; 97.40; 100.00; 100.00; 99.63; 98.33;  2.33; 64.47; 56.19;  2.33; 99.98; 100.00; 100.00; 100.00; 100.00; 83.37; 99.99; 100.00; 93.26; 98.12; 96.40; 99.33; 99.49; 31.33; 96.25; 94.66; 95.29
stegastamp + ssl watermarking; 100.00; 99.26; 99.81; 99.91; 100.00; 99.91; 99.91; 99.53; 100.00; 100.00; 100.00; 99.91; 95.81; 98.42; 99.81; 100.00; 98.14; 99.53; 99.91; 100.00; 99.07; 99.91; 100.00; 100.00; 99.72; 100.00; 100.00; 100.00; 98.42; 98.98; 99.72; 100.00; 100.00; 100.00; 99.81; 97.77; 100.00; 100.00; 100.00; 100.00; 100.00; 100.00; 100.00; 100.00; 99.91; 98.79; 99.81; 99.26; 99.91; 100.00; 100.00; 100.00; 100.00; 100.00; 100.00; 100.00; 100.00; 100.00; 100.00; 99.91; 100.00; 100.00; 99.53; 99.26; 98.05; 96.19; 100.00; 100.00; 100.00; 100.00; 99.91; 99.91; 100.00; 100.00; 98.79; 91.16; 86.98; 93.49; 92.56; 100.00; 100.00; 100.00; 94.79; 96.56; 96.09; 98.23; 99.72; 100.00; 100.00; 100.00; 100.00; 100.00; 98.42; 93.95; 100.00; 100.00; 99.81; 98.33; 97.67; 99.53; 99.53; 97.67; 99.80; 99.89; 99.40; 99.56; 99.90; 99.21; 99.50; 94.23; 93.02; 98.70; 98.66; 98.09; 99.53; 98.60; 99.50; 98.80; 99.08
stegastamp + blind watermarking; 100.00; 60.47; 78.05; 92.65; 92.56; 81.12; 73.12; 57.40; 53.86; 68.74; 99.53; 97.49; 54.23; 59.35; 54.33; 61.40; 56.47; 56.09; 59.26; 59.53; 57.86; 57.02; 60.56; 56.56; 57.86; 62.79; 100.00; 100.00; 97.49; 97.30; 96.65; 96.56; 96.84; 96.65; 96.84; 66.79; 48.74; 100.00; 100.00; 100.00; 100.00; 100.00; 100.00; 100.00; 100.00; 100.00; 100.00; 100.00; 100.00; 100.00; 100.00; 100.00; 100.00; 100.00; 100.00; 100.00; 100.00; 100.00; 100.00; 100.00; 100.00; 95.35; 53.86; 55.07; 52.47; 100.00; 98.88; 100.00; 100.00; 100.00; 100.00; 100.00; 100.00; 100.00; 100.00; 95.44; 87.44; 93.40; 92.47; 100.00; 100.00; 100.00; 97.95; 96.19; 100.00; 100.00; 100.00; 100.00; 100.00; 100.00; 96.47; 100.00; 98.14; 97.67; 96.84; 100.00; 96.00; 95.63; 98.88; 98.14; 98.60; 100.00; 79.66; 75.40; 63.33; 96.90; 100.00; 64.19; 99.86; 95.72; 92.93; 99.49; 99.46; 98.07; 97.12; 98.91; 72.97; 98.99; 88.68
stegastamp + trustmark watermarking; 100.00; 95.81; 96.37; 97.58; 97.30; 96.93; 96.28; 100.00; 100.00; 100.00; 100.00; 100.00; 41.12; 56.65; 50.33; 58.14; 48.93; 50.70; 49.21; 52.93; 47.72; 45.30; 94.70; 96.00; 35.53; 54.70; 100.00; 100.00; 97.21; 97.77; 96.28; 100.00; 100.00; 96.65; 96.65; 56.47; 100.00; 100.00; 100.00; 100.00; 100.00; 100.00; 100.00; 100.00; 100.00; 99.26; 100.00; 98.70; 100.00; 100.00; 100.00; 100.00; 100.00; 100.00; 100.00; 100.00; 100.00; 100.00; 100.00; 100.00; 100.00; 100.00; 44.47; 50.23; 46.14; 100.00; 99.26; 96.28; 100.00; 99.91; 100.00; 100.00; 100.00; 100.00; 100.00; 100.00; 99.63; 95.16; 91.35; 100.00; 100.00; 100.00; 100.00; 96.28; 99.63; 100.00; 100.00; 100.00; 100.00; 100.00; 100.00; 100.00; 97.77; 93.95; 100.00; 100.00; 99.16; 98.14; 95.91; 96.56; 96.37; 95.81; 96.71; 100.00; 61.37; 97.79; 99.91; 60.21; 99.43; 99.91; 93.26; 100.00; 99.42; 97.93; 99.33; 96.16; 78.60; 99.17; 91.02
stegastamp + dwtDct watermarking; 99.26; 59.72; 77.40; 92.93; 92.84; 82.05; 71.63; 54.60; 52.37; 68.00; 99.53; 97.67; 52.19; 56.74; 56.47; 60.47; 54.05; 54.23; 53.58; 55.26; 55.35; 54.14; 59.91; 55.81; 53.40; 59.16; 83.91; 99.26; 97.02; 97.58; 96.47; 96.56; 96.74; 96.47; 96.56; 60.19; 49.86; 98.42; 99.44; 98.98; 99.44; 97.12; 99.07; 96.56; 98.42; 96.56; 96.74; 94.88; 98.23; 98.70; 97.49; 99.16; 98.60; 99.26; 98.14; 98.70; 98.60; 99.26; 98.70; 98.79; 98.88; 95.35; 51.44; 52.09; 51.16; 99.35; 97.77; 99.16; 96.37; 99.44; 99.44; 89.86; 98.14; 98.98; 94.88; 90.42; 87.07; 94.14; 91.81; 98.60; 99.53; 98.70; 94.51; 96.28; 96.65; 97.02; 96.93; 96.84; 96.84; 96.84; 95.16; 99.26; 96.47; 92.28; 97.67; 99.26; 96.84; 94.79; 95.72; 96.47; 96.19; 95.81; 79.43; 74.44; 60.24; 96.77; 98.26; 62.51; 97.44; 92.84; 92.98; 97.84; 96.77; 95.79; 97.14; 96.05; 71.25; 97.04; 86.83
stegastamp + dwtDctSvd watermarking; 100.00; 58.23; 77.49; 92.74; 92.74; 81.30; 72.56; 52.65; 50.05; 68.28; 99.26; 97.30; 49.02; 56.37; 53.49; 58.79; 51.63; 51.16; 53.40; 56.37; 54.05; 52.28; 59.07; 53.77; 53.86; 60.56; 100.00; 100.00; 97.49; 97.21; 96.74; 96.93; 97.21; 96.47; 96.93; 59.07; 45.67; 100.00; 100.00; 100.00; 100.00; 100.00; 100.00; 100.00; 100.00; 99.81; 100.00; 99.81; 100.00; 100.00; 100.00; 100.00; 100.00; 100.00; 100.00; 100.00; 100.00; 100.00; 100.00; 100.00; 100.00; 95.44; 46.79; 50.05; 48.19; 99.26; 97.30; 100.00; 97.67; 96.56; 96.65; 100.00; 100.00; 100.00; 99.44; 91.16; 86.79; 93.95; 92.00; 99.91; 99.44; 98.98; 94.42; 96.19; 96.47; 97.02; 99.63; 100.00; 100.00; 100.00; 95.35; 100.00; 95.35; 92.19; 97.40; 100.00; 95.35; 95.16; 95.91; 96.47; 96.00; 95.81; 79.18; 73.51; 60.24; 97.00; 99.98; 60.12; 98.43; 94.35; 92.98; 98.19; 98.47; 95.72; 96.98; 96.05; 70.77; 98.15; 87.31
stegastamp + rivaGan watermarking; 100.00; 99.91; 100.00; 100.00; 100.00; 100.00; 99.91; 97.86; 99.91; 100.00; 100.00; 100.00; 100.00; 100.00; 100.00; 100.00; 100.00; 99.91; 100.00; 100.00; 100.00; 100.00; 100.00; 100.00; 100.00; 100.00; 100.00; 100.00; 100.00; 100.00; 100.00; 100.00; 100.00; 100.00; 100.00; 56.74; 59.07; 100.00; 100.00; 100.00; 100.00; 100.00; 100.00; 100.00; 100.00; 99.81; 100.00; 99.91; 100.00; 100.00; 100.00; 100.00; 100.00; 100.00; 100.00; 100.00; 100.00; 100.00; 100.00; 100.00; 100.00; 100.00; 98.98; 73.67; 57.95; 100.00; 100.00; 100.00; 100.00; 100.00; 100.00; 100.00; 100.00; 100.00; 100.00; 99.81; 99.53; 99.72; 93.40; 100.00; 99.91; 99.72; 97.21; 96.74; 98.98; 99.72; 100.00; 100.00; 100.00; 100.00; 99.63; 100.00; 99.81; 97.40; 99.91; 100.00; 99.91; 99.44; 95.72; 96.65; 96.47; 95.44; 99.97; 99.55; 99.99; 100.00; 99.99; 82.65; 100.00; 99.84; 96.56; 99.21; 99.35; 99.21; 99.81; 96.07; 96.10; 99.42; 98.11
stegastamp + arwgan watermarking; 100.00; 95.81; 99.53; 99.81; 100.00; 100.00; 100.00; 100.00; 100.00; 100.00; 100.00; 100.00; 100.00; 100.00; 100.00; 100.00; 100.00; 100.00; 100.00; 100.00; 100.00; 100.00; 100.00; 100.00; 100.00; 100.00; 100.00; 100.00; 100.00; 100.00; 100.00; 100.00; 100.00; 100.00; 100.00; 57.67; 64.09; 100.00; 100.00; 100.00; 100.00; 100.00; 100.00; 100.00; 100.00; 100.00; 100.00; 100.00; 100.00; 100.00; 100.00; 100.00; 100.00; 100.00; 100.00; 100.00; 100.00; 100.00; 100.00; 100.00; 100.00; 100.00; 68.65; 52.09; 46.70; 99.81; 100.00; 100.00; 98.60; 98.05; 100.00; 100.00; 96.09; 100.00; 100.00; 100.00; 99.72; 93.95; 91.26; 100.00; 99.44; 98.51; 94.60; 96.65; 97.12; 97.02; 96.84; 96.47; 97.40; 99.44; 100.00; 100.00; 98.60; 96.09; 100.00; 100.00; 99.91; 99.16; 96.09; 96.37; 96.37; 95.53; 99.19; 100.00; 100.00; 100.00; 100.00; 66.86; 99.07; 99.93; 92.60; 98.14; 97.28; 98.67; 99.77; 96.09; 94.61; 98.84; 97.16
arwgan + ssl watermarking; 100.00; 99.07; 99.81; 100.00; 100.00; 99.91; 99.91; 99.91; 100.00; 100.00; 99.91; 100.00; 99.81; 99.91; 100.00; 100.00; 99.91; 100.00; 100.00; 100.00; 100.00; 100.00; 100.00; 100.00; 100.00; 100.00; 100.00; 100.00; 100.00; 100.00; 100.00; 100.00; 100.00; 100.00; 99.91; 98.14; 100.00; 100.00; 100.00; 100.00; 100.00; 100.00; 100.00; 100.00; 100.00; 99.81; 100.00; 99.63; 100.00; 100.00; 99.91; 100.00; 100.00; 100.00; 100.00; 100.00; 100.00; 100.00; 100.00; 100.00; 100.00; 100.00; 99.81; 99.35; 98.05; 98.98; 100.00; 100.00; 100.00; 100.00; 100.00; 99.91; 100.00; 100.00; 100.00; 96.74; 93.86; 66.88; 63.35; 100.00; 99.91; 99.26; 79.91; 65.49; 80.00; 96.74; 99.81; 100.00; 100.00; 100.00; 100.00; 100.00; 97.95; 91.16; 100.00; 100.00; 99.72; 97.40; 94.79; 99.63; 99.16; 94.79; 99.78; 99.96; 99.98; 99.99; 99.97; 99.30; 99.86; 97.65; 65.12; 94.77; 91.72; 97.28; 99.28; 97.09; 99.83; 96.96; 98.10
arwgan + blind watermarking; 100.00; 94.42; 97.49; 99.35; 99.91; 99.63; 98.98; 99.44; 99.91; 99.91; 99.91; 99.91; 100.00; 100.00; 100.00; 100.00; 100.00; 100.00; 100.00; 100.00; 100.00; 100.00; 100.00; 100.00; 100.00; 99.81; 100.00; 100.00; 100.00; 100.00; 100.00; 100.00; 100.00; 100.00; 100.00; 64.74; 58.98; 100.00; 100.00; 100.00; 100.00; 100.00; 100.00; 100.00; 100.00; 100.00; 100.00; 100.00; 100.00; 100.00; 100.00; 100.00; 100.00; 100.00; 100.00; 100.00; 100.00; 100.00; 100.00; 100.00; 100.00; 99.91; 63.91; 53.02; 52.56; 100.00; 100.00; 100.00; 100.00; 100.00; 100.00; 100.00; 100.00; 100.00; 100.00; 99.35; 97.95; 67.63; 64.00; 100.00; 100.00; 99.63; 94.60; 53.30; 100.00; 100.00; 100.00; 100.00; 100.00; 100.00; 100.00; 100.00; 99.16; 95.81; 100.00; 100.00; 99.26; 96.56; 86.88; 83.91; 91.44; 100.00; 98.29; 99.81; 99.99; 100.00; 100.00; 67.35; 100.00; 99.33; 65.81; 98.56; 93.33; 98.74; 98.95; 90.56; 94.54; 97.20; 96.15
arwgan + trustmark watermarking; 100.00; 98.79; 99.63; 99.81; 100.00; 100.00; 100.00; 100.00; 100.00; 100.00; 100.00; 100.00; 100.00; 100.00; 100.00; 100.00; 100.00; 100.00; 100.00; 100.00; 100.00; 100.00; 100.00; 100.00; 100.00; 100.00; 100.00; 100.00; 100.00; 100.00; 100.00; 100.00; 100.00; 100.00; 100.00; 47.81; 100.00; 100.00; 100.00; 100.00; 100.00; 100.00; 100.00; 100.00; 100.00; 100.00; 100.00; 100.00; 100.00; 100.00; 100.00; 100.00; 100.00; 100.00; 100.00; 100.00; 100.00; 100.00; 100.00; 100.00; 100.00; 100.00; 68.00; 48.84; 38.88; 100.00; 100.00; 100.00; 100.00; 100.00; 100.00; 100.00; 100.00; 100.00; 100.00; 100.00; 100.00; 72.37; 62.79; 100.00; 100.00; 100.00; 100.00; 44.00; 95.26; 100.00; 100.00; 100.00; 100.00; 100.00; 100.00; 100.00; 97.77; 91.07; 100.00; 100.00; 99.44; 95.53;  5.67; 58.70; 48.74;  3.63; 99.71; 100.00; 100.00; 100.00; 100.00; 63.93; 100.00; 100.00; 67.58; 100.00; 91.32; 97.21; 98.74; 29.19; 95.04; 93.03; 93.83
arwgan + dwtDct watermarking; 98.05; 84.93; 94.42; 96.00; 94.60; 92.37; 88.00; 94.60; 97.49; 97.40; 96.93; 96.56; 98.42; 98.70; 98.70; 99.07; 98.60; 98.88; 99.16; 98.60; 98.70; 98.98; 99.07; 98.79; 98.79; 98.33; 99.26; 98.05; 98.33; 98.33; 98.23; 99.07; 98.98; 97.02; 96.19; 57.67; 57.40; 98.14; 98.14; 98.23; 98.23; 98.05; 97.86; 98.05; 98.05; 97.30; 98.23; 97.58; 98.23; 98.42; 98.33; 98.23; 98.23; 98.23; 98.33; 98.14; 98.42; 98.33; 98.23; 98.42; 98.33; 94.14; 66.42; 49.58; 49.49; 99.07; 93.95; 98.98; 97.40; 99.63; 99.35; 98.14; 87.07; 98.05; 89.21; 84.28; 81.77; 65.49; 62.14; 94.14; 63.91; 54.79; 49.21; 49.67; 52.74; 54.42; 59.26; 69.95; 87.16; 93.02; 98.42; 98.05; 93.21; 84.28; 98.88; 98.05; 95.81; 89.77; 53.49; 64.09; 47.26; 52.47; 91.72; 96.60; 98.76; 98.02; 98.16; 64.91; 96.70; 88.33; 63.81; 65.51; 66.60; 93.49; 95.63; 54.33; 91.86; 87.09; 88.98
arwgan + dwtDctSvd watermarking; 100.00; 88.19; 95.72; 97.49; 99.16; 98.98; 95.26; 99.91; 100.00; 99.72; 98.79; 97.40; 97.95; 97.95; 97.58; 97.86; 98.14; 97.95; 97.67; 97.77; 98.42; 98.14; 97.77; 97.86; 98.70; 98.23; 100.00; 100.00; 97.77; 97.67; 97.86; 97.86; 97.86; 96.37; 96.00; 55.53; 58.05; 100.00; 100.00; 100.00; 100.00; 100.00; 100.00; 100.00; 100.00; 99.91; 100.00; 99.91; 100.00; 100.00; 100.00; 100.00; 100.00; 100.00; 100.00; 100.00; 100.00; 100.00; 100.00; 100.00; 100.00; 99.07; 63.81; 44.84; 44.56; 99.91; 98.05; 100.00; 99.91; 100.00; 99.53; 100.00; 100.00; 100.00; 99.91; 93.86; 89.30; 77.40; 65.77; 99.72; 76.19; 60.65; 50.51; 45.86; 52.84; 82.60; 98.98; 100.00; 100.00; 100.00; 99.07; 100.00; 92.65; 84.09; 98.60; 100.00; 94.98; 90.98;  5.21; 61.30; 48.65;  4.47; 95.80; 99.16; 98.25; 97.34; 99.99; 63.07; 99.67; 95.77; 71.58; 71.77; 82.90; 93.95; 96.14; 29.91; 92.25; 89.69; 90.70
arwgan + rivaGan watermarking; 100.00; 99.81; 100.00; 100.00; 100.00; 100.00; 100.00; 99.72; 100.00; 100.00; 100.00; 100.00; 100.00; 100.00; 100.00; 100.00; 100.00; 100.00; 100.00; 100.00; 100.00; 100.00; 100.00; 100.00; 100.00; 100.00; 100.00; 100.00; 100.00; 100.00; 100.00; 100.00; 100.00; 100.00; 100.00; 51.07; 63.16; 100.00; 100.00; 100.00; 100.00; 100.00; 100.00; 100.00; 100.00; 100.00; 100.00; 100.00; 100.00; 100.00; 100.00; 100.00; 100.00; 100.00; 100.00; 100.00; 100.00; 100.00; 100.00; 100.00; 100.00; 100.00; 99.07; 74.23; 58.33; 100.00; 100.00; 100.00; 100.00; 100.00; 100.00; 100.00; 100.00; 100.00; 100.00; 100.00; 99.63; 99.63; 89.02; 100.00; 99.72; 98.88; 94.51; 80.28; 96.84; 99.35; 100.00; 100.00; 100.00; 100.00; 100.00; 100.00; 99.81; 95.81; 100.00; 100.00; 99.63; 98.14;  5.67; 69.21; 54.05;  5.67; 99.97; 99.94; 100.00; 100.00; 100.00; 82.91; 100.00; 99.91; 94.33; 98.28; 96.64; 98.91; 99.44; 33.65; 96.13; 94.85; 95.36
arwgan + stegastamp watermarking; 100.00; 94.70; 99.35; 99.81; 99.81; 100.00; 99.81; 100.00; 100.00; 100.00; 100.00; 100.00; 100.00; 100.00; 100.00; 100.00; 100.00; 100.00; 100.00; 100.00; 100.00; 100.00; 100.00; 100.00; 100.00; 100.00; 100.00; 100.00; 100.00; 100.00; 100.00; 100.00; 100.00; 100.00; 100.00; 57.58; 64.00; 100.00; 100.00; 100.00; 100.00; 100.00; 100.00; 100.00; 100.00; 100.00; 100.00; 100.00; 100.00; 100.00; 100.00; 100.00; 100.00; 100.00; 100.00; 100.00; 100.00; 100.00; 100.00; 100.00; 100.00; 100.00; 66.14; 52.56; 45.86; 99.63; 100.00; 100.00; 98.88; 98.42; 100.00; 100.00; 96.56; 100.00; 100.00; 99.35; 97.86; 93.49; 92.56; 100.00; 99.63; 98.70; 94.42; 96.28; 96.84; 96.37; 96.65; 96.56; 97.30; 98.70; 100.00; 100.00; 98.51; 94.88; 100.00; 100.00; 99.91; 99.26; 96.65; 97.02; 96.19; 96.74; 98.91; 100.00; 100.00; 100.00; 100.00; 66.14; 99.19; 99.30; 93.02; 98.19; 96.96; 98.35; 99.79; 96.65; 94.49; 98.81; 97.10
