method;all;all (rank)
ssl watermarking; 83.99;  
blind watermarking; 53.51;  
trustmark watermarking; 34.01; c
dwtDct watermarking; 48.16;  
dwtDctSvd watermarking; 44.76;  
rivaGan watermarking; 87.03; a
stegastamp watermarking; 70.63;  
arwgan watermarking; 73.06; b
ssl + rivaGan watermarking; 93.55;  
ssl + arwgan watermarking; 88.81;  
blind + rivaGan watermarking; 90.70;  
trustmark + ssl watermarking; 86.92;  
rivaGan + ssl watermarking; 95.20;aa
rivaGan + blind watermarking; 90.65;cc
rivaGan + stegastamp watermarking; 92.05;  
stegastamp + ssl watermarking; 88.86;  
stegastamp + trustmark watermarking; 78.41;  
stegastamp + rivaGan watermarking; 92.77;bb
arwgan + ssl watermarking; 88.89;  
