method;all;all (rank)
ssl watermarking; 28.46;  
blind watermarking;  4.95;  
trustmark watermarking; 33.42; c
dwtDct watermarking;  1.85;  
dwtDctSvd watermarking;  0.92;  
rivaGan watermarking; 56.52; a
stegastamp watermarking; 10.21;  
arwgan watermarking; 38.10; b
ssl + rivaGan watermarking; 57.07;  
ssl + arwgan watermarking; 47.34;  
blind + rivaGan watermarking; 57.94;  
trustmark + ssl watermarking; 43.34;  
rivaGan + ssl watermarking; 61.55;aa
rivaGan + blind watermarking; 58.75;cc
rivaGan + stegastamp watermarking; 53.70;  
stegastamp + ssl watermarking; 33.53;  
stegastamp + trustmark watermarking; 38.74;  
stegastamp + rivaGan watermarking; 59.50;bb
arwgan + ssl watermarking; 40.88;  
