method;psnr;ssim
ssl watermarking; 42.06; 99.30
blind watermarking; 39.00; 98.56
trustmark watermarking; 46.70; 99.89
dwtDct watermarking; 40.92; 98.89
dwtDctSvd watermarking; 41.08; 99.30
rivaGan watermarking; 40.52; 99.29
stegastamp watermarking; 32.87; 97.89
arwgan watermarking; 39.41; 98.80
ssl + rivaGan watermarking; 38.27; 98.60
ssl + arwgan watermarking; 37.31; 97.93
blind + rivaGan watermarking; 36.75; 97.84
trustmark + ssl watermarking; 40.67; 99.08
rivaGan + ssl watermarking; 38.16; 98.53
rivaGan + blind watermarking; 35.64; 96.37
rivaGan + stegastamp watermarking; 32.14; 97.25
stegastamp + ssl watermarking; 32.29; 97.24
stegastamp + trustmark watermarking; 32.66; 97.80
stegastamp + rivaGan watermarking; 32.15; 97.26
arwgan + ssl watermarking; 37.47; 98.12
